"('Alignment', 'Column')",oddsratio,pvalue
63,0.0,0.3308539666046835
64,2.642679900744417,0.15061966335988608
65,1.0492610837438423,1.0
66,0.5233415233415234,1.0
67,1.0492610837438423,1.0
68,0.5233415233415234,1.0
69,1.0492610837438423,1.0
70,0.0,0.3308539666046835
71,0.0,0.3308539666046835
72,1.5777777777777777,0.6920625203883889
78,0.5233415233415234,1.0
79,1.0492610837438423,1.0
86,0.0,0.3308539666046835
87,3.1791044776119404,0.08167966598401259
89,1.5777777777777777,0.6920625203883889
93,1.0492610837438423,1.0
94,0.5233415233415234,1.0
95,1.5777777777777777,0.6920625203883889
96,1.0492610837438423,1.0
97,0.5233415233415234,1.0
98,1.0492610837438423,1.0
100,2.108910891089109,0.2711657354604366
102,0.5233415233415234,1.0
103,3.1791044776119404,0.08167966598401259
104,0.5233415233415234,1.0
105,0.5233415233415234,1.0
106,0.0,0.3308539666046835
107,0.5233415233415234,1.0
108,1.0492610837438423,1.0
109,2.108910891089109,0.2711657354604366
110,1.5777777777777777,0.6920625203883889
114,1.0492610837438423,1.0
118,1.0492610837438423,1.0
122,1.0492610837438423,1.0
123,2.108910891089109,0.2711657354604366
124,1.0492610837438423,1.0
125,1.5777777777777777,0.6920625203883889
126,1.0492610837438423,1.0
127,0.5233415233415234,1.0
141,0.5233415233415234,1.0
148,0.5233415233415234,1.0
149,1.0492610837438423,1.0
150,0.5233415233415234,1.0
151,0.0,0.3308539666046835
152,1.0492610837438423,1.0
153,2.108910891089109,0.2711657354604366
160,1.0492610837438423,1.0
161,1.0492610837438423,1.0
162,0.5233415233415234,1.0
165,0.5233415233415234,1.0
166,0.5233415233415234,1.0
167,0.5233415233415234,1.0
169,0.5233415233415234,1.0
177,0.5233415233415234,1.0
178,3.1791044776119404,0.08167966598401259
179,1.5777777777777777,0.6920625203883889
183,1.0492610837438423,1.0
184,3.1791044776119404,0.08167966598401259
185,1.0492610837438423,1.0
189,2.108910891089109,0.2711657354604366
191,0.5233415233415234,1.0
192,2.642679900744417,0.15061966335988608
197,2.108910891089109,0.2711657354604366
199,1.0492610837438423,1.0
200,1.0492610837438423,1.0
202,0.5233415233415234,1.0
203,2.108910891089109,0.2711657354604366
208,1.0492610837438423,1.0
209,0.0,0.3308539666046835
210,0.5233415233415234,1.0
211,1.0492610837438423,1.0
212,1.0492610837438423,1.0
213,3.1791044776119404,0.08167966598401259
214,1.0492610837438423,1.0
215,0.5233415233415234,1.0
216,1.5777777777777777,0.6920625203883889
219,0.0,0.3308539666046835
220,0.5233415233415234,1.0
221,1.5777777777777777,0.6920625203883889
222,0.5233415233415234,1.0
223,1.5777777777777777,0.6920625203883889
225,0.5233415233415234,1.0
228,1.5777777777777777,0.6920625203883889
229,1.5777777777777777,0.6920625203883889
231,0.5233415233415234,1.0
232,1.5777777777777777,0.6920625203883889
233,1.0492610837438423,1.0
234,1.0492610837438423,1.0
253,1.0492610837438423,1.0
254,0.5233415233415234,1.0
255,2.108910891089109,0.2711657354604366
256,1.0492610837438423,1.0
258,0.5233415233415234,1.0
259,0.0,0.3308539666046835
265,1.5777777777777777,0.6920625203883889
266,2.108910891089109,0.2711657354604366
267,0.0,0.3308539666046835
268,1.0492610837438423,1.0
269,1.0492610837438423,1.0
270,2.108910891089109,0.2711657354604366
271,0.5233415233415234,1.0
275,1.5777777777777777,0.6920625203883889
276,1.0492610837438423,1.0
277,1.0492610837438423,1.0
278,1.5777777777777777,0.6920625203883889
279,0.5233415233415234,1.0
280,0.5233415233415234,1.0
281,1.0492610837438423,1.0
283,0.5233415233415234,1.0
284,0.0,0.3308539666046835
287,0.5233415233415234,1.0
288,0.0,0.3308539666046835
289,0.5233415233415234,1.0
290,0.5233415233415234,1.0
342,0.5233415233415234,1.0
343,0.5233415233415234,1.0
345,0.5233415233415234,1.0
346,2.108910891089109,0.2711657354604366
347,0.5233415233415234,1.0
348,0.0,0.3308539666046835
350,1.0492610837438423,1.0
351,0.5233415233415234,1.0
372,1.0492610837438423,1.0
373,1.0492610837438423,1.0
377,0.5233415233415234,1.0
378,0.0,0.3308539666046835
380,0.5233415233415234,1.0
382,1.0492610837438423,1.0
383,1.0492610837438423,1.0
387,0.5233415233415234,1.0
388,0.5233415233415234,1.0
392,0.5233415233415234,1.0
393,0.5233415233415234,1.0
398,0.5233415233415234,1.0
399,2.108910891089109,0.2711657354604366
402,0.5233415233415234,1.0
410,1.0492610837438423,1.0
412,0.5233415233415234,1.0
413,0.5233415233415234,1.0
415,1.0492610837438423,1.0
416,0.0,0.3308539666046835
417,1.5777777777777777,0.6920625203883889
419,0.0,0.3308539666046835
420,2.108910891089109,0.2711657354604366
422,0.5233415233415234,1.0
423,0.5233415233415234,1.0
424,1.0492610837438423,1.0
425,0.0,0.3308539666046835
430,0.5233415233415234,1.0
431,2.642679900744417,0.15061966335988608
445,1.5777777777777777,0.6920625203883889
446,1.5777777777777777,0.6920625203883889
447,0.5233415233415234,1.0
448,2.108910891089109,0.2711657354604366
1292,1.0492610837438423,1.0
1294,1.5777777777777777,0.6920625203883889
1300,0.5233415233415234,1.0
1304,0.5233415233415234,1.0
1306,1.0492610837438423,1.0
1310,1.5777777777777777,0.6920625203883889
1311,2.642679900744417,0.15061966335988608
1312,1.5777777777777777,0.6920625203883889
1316,1.0492610837438423,1.0
1317,0.5233415233415234,1.0
1321,0.0,0.3308539666046835
1325,1.5777777777777777,0.6920625203883889
1326,1.0492610837438423,1.0
1327,1.0492610837438423,1.0
1328,0.0,0.3308539666046835
1329,0.5233415233415234,1.0
1330,1.5777777777777777,0.6920625203883889
1331,2.642679900744417,0.15061966335988608
1333,0.5233415233415234,1.0
1334,0.5233415233415234,1.0
1335,1.5777777777777777,0.6920625203883889
1337,1.0492610837438423,1.0
1338,0.5233415233415234,1.0
1344,0.0,0.3308539666046835
1345,0.5233415233415234,1.0
1351,1.0492610837438423,1.0
1354,0.5233415233415234,1.0
1355,1.5777777777777777,0.6920625203883889
1361,1.0492610837438423,1.0
1366,1.5777777777777777,0.6920625203883889
1368,2.642679900744417,0.15061966335988608
1369,0.5233415233415234,1.0
1373,1.0492610837438423,1.0
1375,1.5777777777777777,0.6920625203883889
1376,1.0492610837438423,1.0
1377,0.5233415233415234,1.0
1378,1.5777777777777777,0.6920625203883889
1379,0.5233415233415234,1.0
1400,0.5233415233415234,1.0
1402,0.5233415233415234,1.0
1404,0.0,0.3308539666046835
1405,0.0,0.3308539666046835
1408,1.5777777777777777,0.6920625203883889
1409,1.5777777777777777,0.6920625203883889
1410,0.5233415233415234,1.0
1414,0.5233415233415234,1.0
1416,1.5777777777777777,0.6920625203883889
1418,1.0492610837438423,1.0
1420,1.5777777777777777,0.6920625203883889
1428,0.5233415233415234,1.0
1430,0.5233415233415234,1.0
1431,0.5233415233415234,1.0
1432,1.5777777777777777,0.6920625203883889
1433,0.5233415233415234,1.0
1434,1.0492610837438423,1.0
1435,0.5233415233415234,1.0
1436,1.5777777777777777,0.6920625203883889
1437,0.5233415233415234,1.0
1438,0.5233415233415234,1.0
1439,2.108910891089109,0.2711657354604366
