"('Alignment', 'Column')",frameshift_variant,inframe_deletion,missense_variant,missense_variant&splice_region_variant,stop_gained,synonymous_variant
62,0,0,1,0,0,0
63,0,0,0,0,0,3
64,0,0,5,0,0,0
65,0,0,2,0,0,0
66,0,0,1,0,0,2
67,1,0,2,0,0,2
68,0,0,1,0,1,0
69,1,0,2,0,0,1
70,0,0,0,0,0,3
71,0,0,0,0,0,2
72,0,0,3,0,0,1
77,0,0,5,0,0,1
78,0,0,1,0,0,0
79,0,0,1,0,1,0
86,1,0,0,0,0,1
87,0,0,6,0,0,2
89,0,0,2,0,0,2
93,1,0,2,0,0,1
94,0,0,1,0,1,2
95,0,0,3,0,0,1
96,0,0,2,0,0,3
97,1,0,1,0,0,3
98,1,0,2,0,0,1
100,0,0,4,0,0,0
102,0,0,1,0,0,0
103,0,0,5,0,0,1
104,0,0,1,0,0,1
105,0,0,1,0,0,0
106,0,0,0,0,0,1
107,0,0,1,0,0,0
108,0,0,2,0,0,2
109,0,0,4,0,0,0
110,0,0,3,0,0,0
114,0,0,2,0,0,3
118,0,0,2,0,0,1
121,0,0,0,0,0,2
122,0,0,2,0,0,0
123,0,0,4,0,0,2
124,0,0,2,0,0,1
125,0,0,3,0,0,1
126,0,0,2,0,0,1
127,0,0,1,0,0,0
139,0,0,0,0,1,1
140,0,0,2,0,0,0
141,0,0,1,0,0,0
147,0,0,3,0,0,1
149,0,0,2,0,0,1
150,0,0,1,0,0,1
151,0,0,0,0,1,0
152,0,0,2,0,0,2
153,0,0,4,0,0,1
160,0,0,2,0,0,1
161,0,0,2,0,0,2
162,0,0,1,0,0,0
165,0,0,1,0,0,2
166,0,0,1,0,0,1
167,0,0,1,0,0,1
169,1,0,1,0,0,2
177,0,0,1,0,0,0
178,0,0,4,0,0,0
179,1,0,3,0,0,0
183,0,0,2,0,0,2
184,0,0,6,0,0,1
185,0,0,2,0,0,1
189,1,0,4,0,0,1
191,0,0,0,0,0,1
192,0,0,4,0,0,0
197,0,0,3,0,0,1
199,0,0,2,0,0,2
200,0,0,2,0,0,1
202,0,0,1,0,0,0
203,0,0,3,0,0,1
208,0,0,2,0,0,1
209,0,0,0,0,0,1
210,0,0,1,0,0,2
211,0,0,2,0,0,1
212,0,0,2,0,0,1
213,0,0,6,0,0,1
214,1,0,1,0,0,1
215,0,0,1,1,0,0
216,0,0,2,1,0,0
219,0,0,0,0,2,1
221,0,0,2,0,0,0
222,0,0,1,0,0,2
223,0,0,3,0,0,0
225,0,0,1,0,0,0
228,0,0,2,0,0,2
229,0,0,2,0,0,2
231,0,0,1,0,0,0
232,0,0,3,0,0,0
233,0,0,2,0,0,0
234,0,0,1,0,0,1
252,0,0,0,0,0,1
253,0,0,1,0,1,0
254,0,0,1,0,0,0
255,0,0,4,0,0,1
256,0,0,1,0,0,0
258,0,0,1,0,0,0
259,0,0,0,0,0,2
260,0,0,1,0,0,0
264,0,0,0,0,0,2
265,0,0,2,0,0,1
266,0,0,3,0,0,1
267,0,0,0,0,0,2
268,0,0,2,0,0,0
269,0,0,2,0,1,0
270,0,0,4,0,0,2
271,0,0,1,0,0,0
275,0,0,3,0,0,2
276,0,0,2,0,0,1
277,0,0,2,0,0,2
278,0,0,2,0,0,1
279,0,0,1,0,0,0
280,0,0,1,0,0,2
281,0,0,2,0,0,3
283,0,0,1,0,0,1
284,0,0,0,0,0,2
288,0,0,0,0,0,1
289,0,0,1,0,0,1
290,0,0,1,0,0,2
291,0,0,1,0,0,1
335,0,0,1,0,0,0
336,0,0,2,0,0,0
337,0,0,1,0,0,0
338,0,0,1,0,0,0
340,0,0,2,0,0,1
341,0,0,1,0,1,0
342,0,0,1,0,0,0
343,0,0,1,0,0,2
345,0,0,1,0,0,0
346,0,0,4,0,0,0
347,0,0,1,0,0,1
348,0,0,0,0,0,1
350,0,0,2,0,0,1
351,0,0,1,0,0,0
352,0,0,3,0,0,0
353,0,0,1,0,0,0
371,0,0,1,0,0,1
372,0,0,2,0,0,0
373,0,0,2,0,0,2
374,0,0,1,0,0,1
375,0,0,1,0,0,0
377,0,0,1,0,0,1
378,0,1,0,0,0,0
380,0,0,1,0,0,1
382,0,0,2,0,0,2
383,0,0,2,0,0,1
387,0,0,1,0,1,1
388,0,0,1,0,0,0
392,1,0,1,0,0,1
393,0,0,1,0,0,0
398,0,0,0,0,0,1
399,0,0,4,0,0,2
402,0,0,1,0,0,2
406,0,0,0,0,0,2
410,0,0,2,0,0,1
412,0,0,1,0,0,1
413,0,0,1,0,0,2
415,0,0,1,0,0,0
416,0,0,0,0,0,2
417,0,0,3,0,0,2
419,0,0,0,0,0,1
420,0,0,4,0,0,0
422,0,0,1,0,0,1
423,0,0,1,0,0,0
424,0,0,2,0,0,1
425,0,0,0,0,0,1
430,0,0,1,0,0,0
431,0,0,5,0,0,0
445,0,0,3,0,0,1
446,0,0,3,0,0,1
447,0,0,1,0,1,0
448,0,0,4,0,1,0
450,0,0,1,0,0,0
451,0,0,1,0,0,0
459,0,0,0,0,0,1
1270,0,0,1,0,0,0
1271,0,0,1,0,0,2
1272,0,0,1,0,0,2
1275,0,0,2,0,0,1
1279,0,0,2,0,0,1
1283,0,0,2,0,0,1
1285,0,0,2,0,0,0
1287,0,0,1,0,0,0
1291,0,0,1,0,0,0
1292,0,0,1,0,1,0
1294,0,0,3,0,1,0
1300,0,0,1,0,0,0
1304,0,0,1,0,1,0
1306,0,0,2,0,0,0
1310,0,0,3,0,0,1
1311,0,0,5,0,0,0
1312,0,0,2,0,0,0
1316,0,0,2,0,1,2
1317,0,0,1,0,0,0
1321,0,0,0,0,0,1
1325,0,0,3,0,0,0
1326,0,0,2,0,0,0
1327,0,0,2,0,0,1
1329,0,0,1,0,0,0
1330,0,0,3,0,0,2
1331,0,0,3,0,0,1
1333,0,0,1,0,0,1
1334,1,0,1,0,0,0
1335,0,0,2,0,0,0
1337,0,0,2,0,0,2
1338,0,0,1,0,0,2
1344,0,0,0,0,1,0
1345,0,0,1,0,0,2
1351,0,0,2,0,0,2
1354,0,0,1,0,0,1
1355,0,0,3,0,0,1
1361,0,0,2,0,0,1
1366,0,0,3,0,0,0
1368,0,0,5,0,0,1
1369,0,0,0,0,0,1
1373,0,0,2,0,0,0
1375,0,0,3,0,0,1
1376,0,0,2,0,0,1
1377,0,0,1,0,0,2
1378,0,0,3,0,0,0
1379,0,0,1,0,0,0
1394,0,0,2,0,0,1
1395,0,0,0,0,0,1
1397,0,0,0,0,0,1
1398,0,0,0,0,0,1
1400,0,0,1,0,0,0
1402,0,0,1,0,0,0
1404,0,0,0,0,0,1
1405,0,1,0,0,0,1
1408,0,0,2,0,0,1
1409,0,0,3,0,0,0
1410,0,0,1,0,0,0
1414,0,0,1,0,0,2
1416,0,0,2,0,0,3
1418,1,0,2,0,0,0
1420,0,0,3,0,0,0
1428,0,0,1,0,0,0
1430,0,0,1,0,0,1
1431,0,0,1,0,0,1
1432,0,0,3,0,0,1
1433,0,0,1,0,0,0
1434,0,0,1,0,0,1
1435,0,0,1,0,0,0
1436,0,0,3,0,0,1
1437,0,0,1,0,0,2
1438,0,0,1,0,0,1
1439,0,0,3,0,0,1
1440,0,0,2,0,0,0
