"('Alignment', 'Column')",frameshift_variant,inframe_deletion,missense_variant,missense_variant&splice_region_variant,stop_gained,synonymous_variant,,occupancy,kabat,jores,schneider,shenkin,gerstein,taylor_gaps,taylor_no_gaps,zvelibil,karlin,armon,thompson,not_lancet,mirny,williamson,sander,valdar,smerfs,column_gmm_pass,oddsratio,pvalue,shenkin_percentile
62,0,0,1,0,0,0,1.0,3,3.0,4.6667,0.1505,9.4178,-1.6221,21.0,8.0,0.0,0.3904,14.78,6.4197,0.5467,-0.4508,-2.8595,-18375.0,102.3032,0.834,False,,,
63,0,0,0,0,0,3,,5,1.0714,1.1538,0.0215,6.3991,-2.0086,21.0,3.0,0.3,0.8667,6.0,2.8663,6.1956,-0.0644,-2.6404,7350.0,187.9453,0.834,True,0.0,0.3308539666046835,0.009345794392523364
64,0,0,5,0,0,0,5.0,5,22.5,175.0,0.5544,31.5828,-0.4121,21.0,21.0,0.0,-0.1015,68.29,11.497,-1.04,-1.2149,-4.8703,-16695.0,85.4157,0.834,True,2.642679900744417,0.15061966335988608,0.48598130841121495
65,0,0,2,0,0,0,2.0,5,8.3333,35.0,0.3728,18.3296,-0.9562,21.0,21.0,0.1,0.3684,45.7,6.3948,1.6267,-0.3046,-4.5414,14175.0,133.8701,0.8718,True,1.0492610837438423,1.0,0.16355140186915887
66,0,0,1,0,0,2,1.0,5,11.25,63.75,0.4426,22.597,-0.7469,21.0,21.0,0.1,0.2854,58.08,7.8466,1.1689,-0.4472,-4.6773,1680.0,124.0309,0.8993,True,0.5233415233415234,1.0,0.2336448598130841
67,1,0,2,0,0,2,2.0,5,15.0,105.0,0.5003,26.8543,-0.5743,21.0,21.0,0.1,0.3013,50.55,7.1174,1.4133,-0.3046,-4.4617,8820.0,125.5201,0.8812,True,1.0492610837438423,1.0,0.3621495327102804
68,0,0,1,0,1,0,1.0,5,30.0,271.25,0.6161,37.9949,-0.2273,21.0,21.0,0.1,0.0588,89.82,11.0276,0.1467,-0.6727,-4.6377,-8400.0,87.5357,0.9044,True,0.5233415233415234,1.0,0.6612149532710281
69,1,0,2,0,0,2,2.0,5,12.5,81.6667,0.4694,24.4837,-0.6667,21.0,21.0,0.0,0.1236,46.68,9.348,0.2978,-0.6228,-4.726,-5355.0,112.1215,0.8949,True,1.0492610837438423,1.0,0.2780373831775701
70,0,0,0,0,0,3,,5,15.0,65.625,0.4502,23.1148,-0.7243,21.0,21.0,0.1,0.3263,28.57,7.1126,1.5422,-0.5493,-4.4987,12285.0,130.8656,0.8585,True,0.0,0.3308539666046835,0.24532710280373832
71,0,0,0,0,0,2,,5,22.5,259.0,0.6045,36.6924,-0.2622,21.0,21.0,0.0,0.0392,123.29,10.0109,-0.2578,-0.9,-4.9143,-4620.0,101.064,0.78,True,0.0,0.3308539666046835,0.6355140186915887
72,0,0,3,0,0,1,3.0,5,21.0,168.0,0.5604,32.1577,-0.3941,21.0,21.0,0.0,0.0087,90.71,11.6201,-0.1156,-1.1819,-4.254,-8820.0,96.861,0.7497,True,1.5777777777777777,0.6920625203883889,0.5070093457943925
77,0,0,5,0,0,1,5.0,4,35.0,291.6667,0.575,33.5975,-0.3503,21.0,21.0,0.0,-0.1055,89.58,12.2959,-1.7911,-1.3711,-4.3712,-28035.0,66.9499,0.6713,False,,,
78,0,0,1,0,0,0,1.0,5,30.0,196.875,0.5969,35.8705,-0.2848,21.0,21.0,0.0,0.0325,102.89,10.1622,-0.1111,-1.2336,-4.2685,-6615.0,95.5122,0.5524,True,0.5233415233415234,1.0,0.5957943925233645
79,0,0,2,0,1,1,2.0,5,22.5,118.125,0.5236,28.7948,-0.5045,21.0,21.0,0.0,0.1597,64.4,8.6843,0.8622,-0.9905,-4.0483,420.0,112.7253,0.5206,True,1.0492610837438423,1.0,0.3901869158878505
86,1,0,0,0,0,2,,5,33.75,511.875,0.6586,43.1531,-0.1,21.0,21.0,0.0,-0.1198,130.91,11.752,-1.1822,-1.3487,-4.9789,-16485.0,78.9687,0.6359,True,0.0,0.3308539666046835,0.7897196261682243
87,0,0,6,0,0,2,6.0,5,18.0,133.0,0.5296,29.3189,-0.4865,21.0,21.0,0.0,0.1286,65.55,9.8323,0.6178,-1.1063,-4.0074,1785.0,113.6671,0.7852,True,3.1791044776119404,0.08167966598401259,0.40654205607476634
89,0,0,3,0,0,2,3.0,5,18.75,98.4375,0.5044,27.1848,-0.5621,21.0,9.0,0.1,0.1691,47.46,8.3732,0.7022,-0.6228,-4.1246,-3885.0,105.9164,0.855,True,1.5777777777777777,0.6920625203883889,0.37383177570093457
93,1,0,2,0,0,1,2.0,5,33.75,511.875,0.6586,43.1531,-0.1,21.0,21.0,0.0,-0.1017,121.93,11.4628,-0.9022,-1.2517,-4.6565,-11760.0,91.0993,0.8881,True,1.0492610837438423,1.0,0.7897196261682243
94,0,0,1,0,1,2,1.0,5,30.0,420.0,0.6278,39.3437,-0.1924,21.0,21.0,0.0,-0.0362,105.23,11.0633,-0.6133,-1.0546,-4.8772,-13965.0,94.0703,0.9027,True,0.5233415233415234,1.0,0.7032710280373832
95,0,0,3,0,0,1,3.0,5,20.0,210.0,0.5736,33.4533,-0.3546,21.0,21.0,0.0,0.0318,111.97,10.1345,0.04,-1.3073,-4.396,-11235.0,101.1969,0.9163,True,1.5777777777777777,0.6920625203883889,0.5560747663551402
96,0,0,2,0,0,3,2.0,5,15.0,73.5,0.4795,25.2361,-0.6365,21.0,21.0,0.1,0.2539,38.37,8.1122,1.2889,-0.6727,-4.4991,13020.0,123.6969,0.9096,True,1.0492610837438423,1.0,0.3107476635514019
97,1,0,1,0,0,3,1.0,5,15.0,68.25,0.4679,24.371,-0.6713,21.0,21.0,0.1,0.1792,41.94,9.8026,1.0044,-0.7113,-4.4558,9870.0,122.1417,0.8765,True,0.5233415233415234,1.0,0.27102803738317754
98,1,0,2,0,0,1,2.0,5,9.375,45.0,0.4002,19.8959,-0.8742,21.0,21.0,0.1,0.4653,36.71,5.5731,2.2622,-0.3046,-4.377,18375.0,142.646,0.8899,True,1.0492610837438423,1.0,0.1822429906542056
100,0,0,4,0,0,1,4.0,5,18.75,131.25,0.5119,27.8076,-0.5394,21.0,21.0,0.1,-0.0676,52.29,11.044,-0.8533,-0.897,-4.5888,-14385.0,89.352,0.89,True,2.108910891089109,0.2711657354604366,0.3808411214953271
102,0,0,1,0,0,0,1.0,5,2.3077,2.6923,0.1017,8.1361,-1.7684,21.0,21.0,0.1,0.7965,12.41,2.9926,4.1156,-0.0644,-4.1983,42840.0,180.0991,0.9088,True,0.5233415233415234,1.0,0.037383177570093455
103,0,0,6,0,0,2,6.0,5,5.4545,13.3636,0.2567,12.9464,-1.3039,21.0,21.0,0.0,0.5189,34.08,5.2572,2.5111,-0.4472,-3.922,945.0,156.3821,0.8842,True,3.1791044776119404,0.08167966598401259,0.08177570093457943
104,0,0,1,0,0,1,1.0,5,30.0,420.0,0.6278,39.3437,-0.1924,21.0,21.0,0.0,-0.0333,99.23,10.7399,-0.6267,-1.0243,-4.9121,-11970.0,92.4962,0.8899,True,0.5233415233415234,1.0,0.7032710280373832
105,0,0,1,0,0,0,1.0,5,7.5,26.25,0.3501,17.1253,-1.0242,21.0,21.0,0.1,0.4232,30.98,6.3683,1.9733,-0.6727,-4.0217,-1890.0,137.9707,0.8967,True,0.5233415233415234,1.0,0.13551401869158877
106,0,0,0,0,0,1,,5,3.75,6.3636,0.1801,10.2918,-1.5334,21.0,11.0,0.1,0.5921,26.02,5.8069,4.72,-0.5396,-2.9043,13230.0,158.1907,0.8927,True,0.0,0.3308539666046835,0.056074766355140186
107,0,0,1,0,0,0,1.0,5,8.5714,24.0,0.3615,17.7201,-0.99,21.0,21.0,0.1,0.318,34.06,7.7504,1.7467,-0.6727,-4.6377,16590.0,132.669,0.9063,True,0.5233415233415234,1.0,0.14018691588785046
108,0,0,2,0,0,3,2.0,5,5.4545,13.3636,0.2567,12.9464,-1.3039,21.0,21.0,0.1,0.5955,28.57,4.4688,2.9644,-0.3046,-4.377,30240.0,163.8642,0.8768,True,1.0492610837438423,1.0,0.08177570093457943
109,0,0,4,0,0,0,4.0,5,21.0,168.0,0.5604,32.1577,-0.3941,21.0,21.0,0.0,0.0525,85.13,9.909,-0.12,-0.9895,-4.8587,-5355.0,101.8793,0.8729,True,2.108910891089109,0.2711657354604366,0.5070093457943925
110,0,0,3,0,0,0,3.0,5,40.0,577.5,0.647,41.6738,-0.1349,21.0,21.0,0.0,-0.0407,98.46,10.3159,-0.6889,-0.9905,-4.6977,-14385.0,91.6216,0.893,True,1.5777777777777777,0.6920625203883889,0.7570093457943925
114,0,0,2,0,0,3,2.0,5,26.25,210.0,0.5736,33.4533,-0.3546,21.0,21.0,0.1,0.1492,79.49,8.2837,0.3956,-0.5396,-4.6135,1890.0,119.2228,0.8962,True,1.0492610837438423,1.0,0.5560747663551402
118,0,0,2,0,0,1,2.0,5,15.0,105.0,0.5003,26.8543,-0.5743,21.0,21.0,0.0,0.1157,62.51,10.4043,0.5067,-0.9027,-4.4112,-10920.0,100.702,0.8714,True,1.0492610837438423,1.0,0.3621495327102804
121,0,0,0,0,0,2,,1,15.0,84255.0,0.0603,7.1872,-1.8924,21.0,3.0,0.3,0.0,6.0,0.1993,-5.9467,-0.1805,-0.4052,-88200.0,0.0,0.8829,False,,,
122,0,0,2,0,0,0,2.0,5,22.5,124.6875,0.5352,29.8169,-0.4697,21.0,21.0,0.0,0.0796,61.5,10.0339,0.2222,-0.5493,-4.7017,-11760.0,101.9092,0.8515,True,1.0492610837438423,1.0,0.42289719626168226
123,0,0,4,0,0,2,4.0,5,2.3077,2.6923,0.1017,8.1361,-1.7684,21.0,5.0,0.1,0.7276,12.56,3.8376,7.4,-0.3046,-2.5511,38745.0,175.5325,0.8689,True,2.108910891089109,0.2711657354604366,0.037383177570093455
124,0,0,2,0,0,1,2.0,5,7.5,25.6667,0.3313,16.1871,-1.0805,21.0,21.0,0.1,0.4479,36.71,6.9909,3.4578,-0.6228,-4.1416,34545.0,145.3058,0.8775,True,1.0492610837438423,1.0,0.12850467289719625
125,0,0,3,0,0,1,3.0,5,45.0,455.0,0.6662,44.1419,-0.0773,21.0,21.0,0.0,-0.1239,132.43,13.2785,-1.0978,-1.2517,-4.8779,-23520.0,66.8228,0.9058,True,1.5777777777777777,0.6920625203883889,0.8271028037383178
126,0,0,2,0,0,1,2.0,5,30.0,271.25,0.6161,37.9949,-0.2273,21.0,21.0,0.0,0.0233,98.91,9.9588,-0.2267,-0.5493,-4.7859,-8715.0,102.6199,0.8855,True,1.0492610837438423,1.0,0.6612149532710281
127,0,0,1,0,0,0,1.0,5,26.25,218.75,0.5853,34.6408,-0.3197,21.0,21.0,0.0,0.0044,86.58,10.3312,-0.4444,-1.1063,-4.9755,-11550.0,97.9862,0.8545,True,0.5233415233415234,1.0,0.5700934579439252
139,0,0,0,0,1,1,,4,22.5,166.25,0.525,28.9189,-0.5002,21.0,21.0,0.0,-0.0798,68.22,11.7998,-1.6667,-1.2786,-4.6167,-29610.0,65.8725,0.7628,False,,,
140,0,0,2,0,0,0,2.0,4,21.0,241.5,0.5132,27.9188,-0.5354,21.0,21.0,0.0,-0.0198,86.37,11.2626,-1.6267,-1.1376,-4.1421,-30555.0,64.6876,0.6905,False,,,
141,0,0,1,0,0,0,1.0,5,21.0,252.0,0.5427,30.4906,-0.4473,21.0,21.0,0.1,0.1002,74.6,9.2995,-0.6622,-0.8089,-4.5218,-12810.0,89.3609,0.6673,True,0.5233415233415234,1.0,0.4392523364485981
147,0,0,3,0,0,1,3.0,4,37.5,577.5,0.3307,16.1603,-1.0822,21.0,21.0,0.0,-0.0154,52.29,4.9494,-4.9733,-0.7135,-2.2002,-77175.0,12.1895,0.6964,False,,,
148,0,0,1,0,0,0,1.0,5,50.0,840.0,0.7087,50.1346,0.05,21.0,21.0,0.0,-0.1161,153.48,11.4637,-1.0756,-1.2214,-4.763,-14910.0,79.7408,0.8035,True,0.5233415233415234,1.0,0.9369158878504673
149,0,0,2,0,0,1,2.0,5,40.0,373.3333,0.6353,40.2451,-0.1697,21.0,21.0,0.0,-0.0987,124.64,11.9519,-1.12,-1.2336,-4.5994,-20790.0,75.886,0.827,True,1.0492610837438423,1.0,0.7289719626168224
150,0,0,1,0,0,1,1.0,5,40.0,577.5,0.647,41.6738,-0.1349,21.0,21.0,0.0,-0.0658,103.89,11.7456,-0.8178,-1.626,-4.4808,-14700.0,88.7154,0.8448,True,0.5233415233415234,1.0,0.7570093457943925
151,0,0,0,0,1,0,,5,3.75,6.3636,0.1801,10.2918,-1.5334,21.0,21.0,0.0,0.5415,28.36,8.0363,8.6756,-0.5396,-3.809,94815.0,154.1449,0.8583,True,0.0,0.3308539666046835,0.056074766355140186
152,0,0,2,0,0,2,2.0,5,75.0,1286.25,0.7203,51.9143,0.0849,21.0,21.0,0.0,-0.1622,150.0,12.7709,-1.48,-1.4592,-5.0207,-18270.0,73.1774,0.8155,True,1.0492610837438423,1.0,0.9672897196261683
153,0,0,4,0,0,1,4.0,5,10.7143,65.0,0.4364,22.1766,-0.7657,21.0,21.0,0.0,0.1414,53.12,10.5819,0.8533,-0.8395,-4.5791,6090.0,111.3495,0.7607,True,2.108910891089109,0.2711657354604366,0.2219626168224299
160,0,0,2,0,0,1,2.0,5,4.5,14.0,0.2696,13.4554,-1.2654,21.0,7.0,0.1,0.382,20.38,6.9632,2.5156,-0.4472,-3.8418,13125.0,142.8729,0.4774,True,1.0492610837438423,1.0,0.09345794392523364
161,0,0,2,0,0,2,2.0,5,30.0,420.0,0.6278,39.3437,-0.1924,21.0,21.0,0.0,0.0199,99.08,9.9421,-0.1467,-1.4016,-4.3183,-6405.0,95.6871,0.5024,True,1.0492610837438423,1.0,0.7032710280373832
162,0,0,1,0,0,1,1.0,5,18.0,133.0,0.5473,30.9219,-0.4333,21.0,21.0,0.2,0.0142,31.02,10.5472,0.4311,-1.1596,-5.3036,-2730.0,106.9679,0.5538,True,0.5233415233415234,1.0,0.4742990654205608
165,0,0,1,0,0,2,1.0,5,9.375,48.75,0.4296,21.7287,-0.7861,21.0,21.0,0.6,0.3252,18.73,6.9751,2.3689,-0.7299,-4.9039,28980.0,144.7732,0.5765,True,0.5233415233415234,1.0,0.205607476635514
166,0,0,1,0,0,1,1.0,5,2.1429,2.3077,0.0818,7.6652,-1.828,21.0,21.0,0.8,0.8174,2.24,2.997,10.8667,-0.2449,-2.5085,108780.0,198.4481,0.443,True,0.5233415233415234,1.0,0.02336448598130841
167,0,0,1,0,0,1,1.0,5,27.0,409.5,0.6632,43.75,-0.0862,21.0,21.0,0.0,-0.0886,85.54,11.8847,-0.32,-1.4154,-4.9147,-6615.0,91.4415,0.358,True,0.5233415233415234,1.0,0.8084112149532711
169,1,0,1,0,0,2,1.0,5,17.5,140.0,0.5605,32.1677,-0.3938,21.0,21.0,0.4,0.1659,37.4,8.2511,1.3156,-0.6277,-5.1031,10710.0,132.547,0.3376,True,0.5233415233415234,1.0,0.5257009345794392
177,0,0,1,0,0,0,1.0,5,24.0,217.0,0.6207,38.5204,-0.2135,21.0,21.0,0.3,-0.0538,59.42,12.095,-0.0533,-0.8823,-5.1003,-5145.0,96.9554,0.352,True,0.5233415233415234,1.0,0.6752336448598131
178,0,0,6,0,0,0,6.0,5,30.0,433.125,0.6572,42.9679,-0.1043,21.0,21.0,0.0,-0.176,63.42,12.1226,-0.7244,-1.4595,-5.1927,-4200.0,97.1275,0.4109,True,3.1791044776119404,0.08167966598401259,0.7757009345794392
179,1,0,3,0,0,0,3.0,5,35.0,303.3333,0.6222,38.6986,-0.2089,21.0,21.0,0.4,-0.1385,46.28,13.2932,-0.44,-1.27,-4.9652,-8400.0,94.1195,0.3501,True,1.5777777777777777,0.6920625203883889,0.6845794392523364
183,0,0,2,0,0,2,2.0,5,12.8571,90.0,0.4966,26.5645,-0.5852,21.0,21.0,0.4,0.0956,27.51,10.0421,0.9244,-0.8033,-4.981,-525.0,112.4563,0.2718,True,1.0492610837438423,1.0,0.35046728971962615
184,0,0,6,0,0,1,6.0,5,37.5,630.0,0.7189,51.6914,0.0806,21.0,21.0,0.1,-0.1815,97.99,13.2396,-0.7378,-1.5641,-5.0386,-10815.0,81.848,0.2097,True,3.1791044776119404,0.08167966598401259,0.955607476635514
185,0,0,2,0,0,1,2.0,5,45.0,466.6667,0.6956,48.208,0.0108,21.0,21.0,0.2,-0.0809,81.23,11.8583,-0.2089,-1.3095,-5.0099,-8400.0,90.6808,0.1876,True,1.0492610837438423,1.0,0.9065420560747663
189,1,0,4,0,0,1,4.0,5,26.25,164.0625,0.5955,35.7165,-0.2891,21.0,21.0,0.5,0.107,38.73,8.6253,0.9156,-0.4851,-4.8857,10395.0,121.4699,0.2899,True,2.108910891089109,0.2711657354604366,0.5887850467289719
191,0,0,1,0,0,1,1.0,5,15.0,73.5,0.4973,26.6159,-0.5832,21.0,21.0,0.4,-0.017,22.0,12.4911,0.3911,-0.8532,-4.5925,-5355.0,99.545,0.2914,True,0.5233415233415234,1.0,0.35514018691588783
192,0,0,5,0,0,0,5.0,5,50.0,857.5,0.7381,54.7528,0.1381,21.0,21.0,0.1,-0.1778,91.2,12.8664,-0.8489,-1.3954,-5.3138,-12810.0,85.5039,0.251,True,2.642679900744417,0.15061966335988608,0.9766355140186916
197,0,0,4,0,0,1,4.0,5,17.5,175.0,0.5722,33.3096,-0.3589,21.0,21.0,0.4,0.0146,44.8,11.5871,1.0133,-1.1596,-4.8588,11865.0,110.8975,0.2063,True,2.108910891089109,0.2711657354604366,0.5467289719626168
199,0,0,2,0,0,2,2.0,5,22.5,131.25,0.5646,32.5636,-0.3815,21.0,21.0,0.5,0.1009,22.29,10.0198,1.0311,-0.673,-4.9228,1155.0,114.7666,0.2175,True,1.0492610837438423,1.0,0.5327102803738317
200,0,0,2,0,0,1,2.0,5,4.0909,9.5455,0.2436,12.4489,-1.3431,8.0,8.0,0.6,0.5417,4.98,5.1886,3.5022,-0.5004,-4.2225,15120.0,162.4555,0.2352,True,1.0492610837438423,1.0,0.07476635514018691
202,0,0,1,0,0,0,1.0,5,18.0,133.0,0.5473,30.9219,-0.4333,21.0,21.0,0.6,0.2876,21.51,6.9181,2.0444,-0.3927,-4.8748,20475.0,146.1892,0.1834,True,0.5233415233415234,1.0,0.4742990654205608
203,0,0,4,0,0,1,4.0,5,24.0,217.0,0.6207,38.5204,-0.2135,21.0,21.0,0.1,-0.0656,68.59,11.9055,0.16,-1.2746,-5.0646,525.0,97.5153,0.0625,True,2.108910891089109,0.2711657354604366,0.6752336448598131
208,0,0,2,0,0,1,2.0,5,33.75,341.25,0.6764,45.5126,-0.0467,21.0,21.0,0.2,-0.0769,63.89,12.3753,0.0444,-0.9908,-5.268,-315.0,98.9283,0.0531,True,1.0492610837438423,1.0,0.8457943925233645
209,0,0,0,0,0,1,,5,5.0,11.1364,0.2404,12.3281,-1.3528,21.0,21.0,0.7,0.6508,9.2,3.4214,4.0444,0.0,-4.6035,44415.0,181.9268,0.0622,True,0.0,0.3308539666046835,0.06775700934579439
210,0,0,1,0,0,2,1.0,5,35.0,303.3333,0.6222,38.6986,-0.2089,21.0,21.0,0.5,-0.0576,39.18,11.157,0.1733,-0.8033,-4.852,-7875.0,99.0514,0.1124,True,0.5233415233415234,1.0,0.6845794392523364
211,0,0,2,0,0,1,2.0,5,21.0,273.0,0.6015,36.3666,-0.2711,21.0,21.0,0.4,0.0177,36.34,10.8795,0.4622,-0.7648,-5.0655,-8190.0,102.6958,0.092,True,1.0492610837438423,1.0,0.6074766355140186
212,0,0,2,0,0,2,2.0,5,6.0,18.6667,0.3182,15.5651,-1.1197,21.0,21.0,0.7,0.5887,7.18,4.8625,3.8444,-0.2449,-4.6184,36330.0,177.139,-0.0087,True,1.0492610837438423,1.0,0.11682242990654206
213,0,0,6,0,0,1,6.0,5,12.5,35.0,0.4255,21.4645,-0.7983,21.0,21.0,0.7,0.3974,12.66,6.2554,2.6222,-0.8919,-4.2859,10815.0,142.5935,-0.0248,True,3.1791044776119404,0.08167966598401259,0.20093457943925233
214,1,0,2,0,0,1,2.0,5,10.0,39.375,0.4179,20.9838,-0.821,21.0,21.0,0.6,0.464,5.22,5.2599,2.96,-0.2449,-4.6126,29610.0,155.0424,-0.0316,True,1.0492610837438423,1.0,0.19158878504672897
215,0,0,1,1,0,0,1.0,5,6.8182,21.0,0.317,15.508,-1.1234,21.0,21.0,0.2,0.4663,17.61,6.3724,4.5822,-0.7201,-3.3673,27510.0,179.0963,-0.0273,True,0.5233415233415234,1.0,0.11214953271028037
216,0,0,3,1,1,0,3.0,5,2.1429,2.3077,0.0818,7.6652,-1.828,3.0,3.0,0.9,0.9201,0.4,0.9145,7.3733,0.0,-3.3154,61740.0,209.1084,-0.0375,True,1.5777777777777777,0.6920625203883889,0.02336448598130841
219,0,0,0,0,2,1,,5,5.0,11.1364,0.2404,12.3281,-1.3528,21.0,21.0,0.5,0.5972,11.22,5.2802,6.3511,-0.3927,-4.044,72660.0,179.3502,-0.0398,True,0.0,0.3308539666046835,0.06775700934579439
220,0,0,1,0,0,0,1.0,5,12.8571,63.75,0.4774,25.0792,-0.6427,21.0,21.0,0.4,0.1606,26.4,9.2575,1.1156,-0.8572,-4.9651,13230.0,127.8441,0.0118,True,0.5233415233415234,1.0,0.2850467289719626
221,0,0,3,0,0,0,3.0,5,13.125,86.25,0.5029,27.0681,-0.5664,21.0,21.0,0.2,0.1463,45.13,8.5381,1.1511,-0.7201,-4.83,-3045.0,122.3849,0.2135,True,1.5777777777777777,0.6920625203883889,0.3691588785046729
222,0,0,1,0,0,2,1.0,5,8.5714,20.0,0.3616,17.7257,-0.9897,21.0,21.0,0.7,0.628,7.71,3.8943,3.9156,-0.2449,-4.6184,37485.0,174.2882,0.1677,True,0.5233415233415234,1.0,0.14485981308411214
223,0,0,3,0,0,0,3.0,5,24.0,336.0,0.6323,39.8878,-0.1787,21.0,21.0,0.3,-0.0398,54.6,10.9227,0.0844,-0.9276,-5.1376,-2520.0,100.2066,0.1793,True,1.5777777777777777,0.6920625203883889,0.7149532710280374
225,0,0,1,0,0,0,1.0,5,15.0,115.0,0.5275,29.1366,-0.4927,21.0,21.0,0.2,0.1516,49.02,10.6862,2.4267,-1.0806,-4.4377,9555.0,130.7078,0.1816,True,0.5233415233415234,1.0,0.397196261682243
228,0,0,3,0,0,2,3.0,5,2.5,4.7727,0.1493,9.3833,-1.6258,21.0,7.0,0.1,0.61,12.06,5.1599,6.16,-0.4472,-2.7491,32550.0,170.0954,0.2216,True,1.5777777777777777,0.6920625203883889,0.04672897196261682
229,0,0,3,0,0,2,3.0,5,30.0,271.25,0.6161,37.9949,-0.2273,21.0,21.0,0.0,-0.0258,99.49,10.77,-0.7778,-1.1168,-4.7943,-8085.0,96.6116,0.2198,True,1.5777777777777777,0.6920625203883889,0.6612149532710281
231,0,0,1,0,0,0,1.0,5,33.75,511.875,0.6586,43.1531,-0.1,21.0,21.0,0.0,-0.1018,132.82,12.2503,-0.9467,-1.4016,-4.8703,-17535.0,81.3568,0.0853,True,0.5233415233415234,1.0,0.7897196261682243
232,0,0,3,0,0,0,3.0,5,67.5,1076.25,0.6895,47.3314,-0.0076,21.0,21.0,0.0,-0.1605,124.72,11.7758,-1.4089,-1.4592,-4.6136,-15855.0,83.2904,0.1433,True,1.5777777777777777,0.6920625203883889,0.897196261682243
233,0,0,2,0,0,0,2.0,5,55.0,997.5,0.7395,54.9889,0.1424,21.0,21.0,0.0,-0.11,178.9,11.3027,-1.0356,-1.0829,-4.812,-14700.0,84.2285,0.1839,True,1.0492610837438423,1.0,0.9836448598130841
234,0,0,2,0,0,1,2.0,5,37.5,630.0,0.7189,51.6914,0.0806,21.0,21.0,0.1,-0.1433,91.92,12.3089,-0.5111,-1.5292,-5.1404,-8820.0,88.8001,0.2229,True,1.0492610837438423,1.0,0.955607476635514
235,0,0,0,0,0,1,,3,45.0,446.25,0.4204,21.141,-0.8135,21.0,21.0,0.0,-0.0359,64.94,7.2027,-4.2667,-1.0397,-3.0004,-66465.0,25.0227,0.1924,False,,,
252,0,0,0,0,0,1,,3,7.5,28.0,0.2429,12.4205,-1.3454,21.0,9.0,0.1,0.1523,23.7,6.775,-3.0622,-0.5362,-2.4338,-59325.0,49.9746,0.141,False,,,
253,0,0,2,0,1,0,2.0,5,55.0,665.0,0.7573,57.9955,0.1956,21.0,21.0,0.1,-0.1716,108.32,12.3415,-0.7378,-1.3624,-5.0168,-6510.0,89.8969,0.133,True,1.0492610837438423,1.0,1.0
254,0,0,1,0,0,0,1.0,5,45.0,455.0,0.6662,44.1419,-0.0773,21.0,21.0,0.0,-0.0751,129.61,10.8407,-0.88,-1.3997,-4.7372,-16485.0,78.7995,0.0964,True,0.5233415233415234,1.0,0.8271028037383178
255,0,0,4,0,0,1,4.0,5,40.0,577.5,0.647,41.6738,-0.1349,21.0,21.0,0.0,-0.1027,109.65,11.7225,-1.0889,-1.3092,-4.6789,-14175.0,81.4686,0.0345,True,2.108910891089109,0.2711657354604366,0.7570093457943925
256,0,0,2,0,0,0,2.0,5,17.5,140.0,0.5605,32.1677,-0.3938,21.0,21.0,0.3,0.1849,38.36,7.9243,1.4,-1.1711,-4.5345,5355.0,128.3203,0.0503,True,1.0492610837438423,1.0,0.5257009345794392
258,0,0,1,0,0,0,1.0,5,26.25,218.75,0.603,36.5349,-0.2665,21.0,21.0,0.2,-0.1473,51.06,11.5542,-0.5289,-1.2869,-5.0068,-7350.0,94.0147,0.3051,True,0.5233415233415234,1.0,0.6191588785046729
259,0,0,0,0,0,2,,5,26.25,227.5,0.6147,37.8318,-0.2316,21.0,21.0,0.4,0.1175,30.65,9.0818,1.0844,-0.6277,-4.938,6825.0,118.6485,0.3072,True,0.0,0.3308539666046835,0.6495327102803738
260,0,0,1,0,0,0,1.0,1,45.0,315.0,0.1808,10.3126,-1.5314,21.0,21.0,0.0,-0.0032,23.95,1.4879,-5.6978,-0.4492,-1.2793,-85470.0,3.0977,0.3662,False,,,
264,0,0,0,0,0,2,,1,60.0,630.0,0.2411,12.3531,-1.3508,21.0,21.0,0.1,-0.013,36.36,2.4536,-5.5378,-0.6297,-1.6808,-83685.0,4.8186,0.3602,False,,,
265,0,0,3,0,0,3,3.0,5,15.0,120.0,0.5391,30.1709,-0.4578,21.0,21.0,0.3,0.0824,41.84,9.8534,0.7467,-0.7299,-5.0752,9345.0,120.1905,0.3587,True,1.5777777777777777,0.6920625203883889,0.42990654205607476
266,0,0,4,0,0,2,4.0,5,26.25,218.75,0.603,36.5349,-0.2665,21.0,21.0,0.5,-0.0693,38.94,10.6233,-0.0311,-0.9276,-4.9381,-1785.0,104.2531,0.2864,True,2.108910891089109,0.2711657354604366,0.6191588785046729
267,0,0,0,0,0,2,,5,33.75,525.0,0.688,47.1282,-0.0119,21.0,21.0,0.5,-0.0859,63.05,11.342,-0.1822,-0.7648,-4.9996,-3675.0,101.6849,0.1185,True,0.0,0.3308539666046835,0.8878504672897196
268,0,0,2,0,0,0,2.0,5,10.7143,65.0,0.4542,23.3892,-0.7125,21.0,21.0,0.5,0.2572,15.32,8.3818,1.8356,-0.5004,-4.8415,15540.0,133.5962,0.0244,True,1.0492610837438423,1.0,0.2523364485981308
269,0,0,2,0,1,0,2.0,5,2.1429,2.3077,0.0818,7.6652,-1.828,21.0,21.0,0.6,0.8395,1.73,2.8186,13.7156,-0.2449,-3.813,159495.0,200.1922,0.0504,True,1.0492610837438423,1.0,0.02336448598130841
270,0,0,4,0,0,2,4.0,5,12.5,61.25,0.4796,25.244,-0.6361,21.0,21.0,0.6,0.2472,19.44,7.312,1.7067,-0.6277,-4.8748,18690.0,139.8449,-0.0178,True,2.108910891089109,0.2711657354604366,0.3177570093457944
271,0,0,1,0,0,0,1.0,5,10.0,49.5833,0.433,21.9563,-0.7757,21.0,21.0,0.5,0.2208,25.45,8.1609,1.6311,-0.5004,-4.9212,17640.0,135.9952,0.2467,True,0.5233415233415234,1.0,0.2102803738317757
275,0,0,3,0,0,2,3.0,5,12.5,81.6667,0.4872,25.8224,-0.6135,21.0,21.0,0.5,0.1873,17.85,8.0384,1.4489,-0.2449,-4.8914,14175.0,131.5197,0.7084,True,1.5777777777777777,0.6920625203883889,0.3317757009345794
276,0,0,2,0,0,1,2.0,5,10.7143,65.0,0.4364,22.1766,-0.7657,21.0,21.0,0.0,0.1714,47.85,8.9176,0.56,-0.3046,-4.4864,-7980.0,115.8627,0.8067,True,1.0492610837438423,1.0,0.2219626168224299
277,0,0,2,0,0,2,2.0,5,22.5,175.0,0.5544,31.5828,-0.4121,21.0,21.0,0.1,0.1448,55.23,9.0203,0.4933,-0.8395,-4.6716,2310.0,107.4132,0.8133,True,1.0492610837438423,1.0,0.48598130841121495
278,0,0,3,0,0,1,3.0,5,17.5,134.1667,0.5311,29.4545,-0.4819,21.0,21.0,0.0,0.1544,86.79,9.6192,0.32,-1.0829,-4.4989,-12180.0,110.6243,0.8642,True,1.5777777777777777,0.6920625203883889,0.4158878504672897
279,0,0,1,0,0,1,1.0,5,30.0,271.25,0.6161,37.9949,-0.2273,21.0,21.0,0.0,-0.0619,96.93,11.3599,-0.8178,-0.882,-4.847,-14910.0,91.7403,0.8816,True,0.5233415233415234,1.0,0.6612149532710281
280,0,0,1,0,0,2,1.0,5,12.8571,90.0,0.4789,25.1874,-0.6384,21.0,21.0,0.0,0.0479,63.56,10.791,0.6222,-1.1573,-4.1755,-6405.0,109.7561,0.8864,True,0.5233415233415234,1.0,0.2967289719626168
281,0,0,2,0,0,3,2.0,5,45.0,700.0,0.6778,45.7088,-0.0424,21.0,21.0,0.0,-0.1829,135.28,12.5646,-1.6311,-1.4592,-4.9426,-20475.0,74.957,0.8469,True,1.0492610837438423,1.0,0.866822429906542
283,0,0,1,0,0,1,1.0,5,21.0,120.75,0.5412,30.3597,-0.4516,21.0,21.0,0.0,0.1239,74.36,9.4782,0.5156,-0.882,-4.6978,2415.0,114.455,0.8254,True,0.5233415233415234,1.0,0.43457943925233644
284,0,0,0,0,0,2,,5,40.0,361.6667,0.6237,38.8654,-0.2046,21.0,21.0,0.1,0.054,89.19,10.0134,0.0,-0.8395,-4.8103,-4830.0,96.4944,0.8247,True,0.0,0.3308539666046835,0.6915887850467289
287,0,0,1,0,0,0,1.0,5,12.5,81.6667,0.4694,24.4837,-0.6667,21.0,21.0,0.1,-0.0011,51.48,11.2822,-0.1733,-1.2789,-4.7352,-7455.0,88.744,0.8803,True,0.5233415233415234,1.0,0.2780373831775701
288,0,0,0,0,0,2,,5,50.0,840.0,0.7087,50.1346,0.05,21.0,21.0,0.0,-0.1989,169.27,12.686,-1.8178,-1.6835,-4.9219,-23205.0,72.9053,0.824,True,0.0,0.3308539666046835,0.9369158878504673
289,0,0,1,0,0,2,1.0,5,35.0,303.3333,0.6045,36.6924,-0.2622,21.0,21.0,0.0,-0.0998,86.24,10.771,-0.9689,-1.4062,-4.778,-11760.0,83.1109,0.7406,True,0.5233415233415234,1.0,0.6355140186915887
290,0,0,1,0,0,2,1.0,5,40.0,373.3333,0.6353,40.2451,-0.1697,21.0,21.0,0.0,-0.0154,100.82,10.1622,-0.4933,-0.9027,-4.7621,-16485.0,90.7216,0.604,True,0.5233415233415234,1.0,0.7289719626168224
291,0,0,1,0,0,2,1.0,1,30.0,367.5,0.2705,13.491,-1.2627,21.0,21.0,0.1,-0.0015,34.11,3.5924,-5.2044,-0.5905,-1.9783,-79590.0,11.246,0.3797,False,,,
335,0,0,1,0,0,0,1.0,1,75.0,1050.0,0.3013,14.7973,-1.1703,21.0,21.0,0.0,-0.0181,47.67,3.5377,-5.3022,-0.8103,-2.0285,-80850.0,8.588,0.0504,False,,,
336,0,0,2,0,0,0,2.0,1,25.0,385.0,0.3485,17.0439,-1.0289,21.0,21.0,0.0,-0.0174,53.06,5.529,-4.5556,-0.9516,-2.4929,-70035.0,18.1331,0.1281,False,,,
337,0,0,1,0,0,0,1.0,3,35.0,420.0,0.5279,29.1688,-0.4916,21.0,21.0,0.0,-0.0659,84.21,10.619,-2.8356,-1.1541,-4.0024,-43890.0,48.1007,0.2272,False,,,
338,0,0,1,0,0,0,1.0,3,67.5,997.5,0.6012,36.3365,-0.2719,21.0,21.0,0.0,-0.0824,124.81,10.1642,-2.9244,-1.3616,-3.8426,-42630.0,48.5868,0.3705,False,,,
340,0,0,2,0,0,1,2.0,4,30.0,393.75,0.5689,32.9866,-0.3686,21.0,21.0,0.0,-0.0997,103.04,10.7142,-2.4622,-1.0935,-4.3602,-37380.0,55.0972,0.6187,False,,,
341,0,0,1,0,1,0,1.0,4,45.0,682.5,0.6484,41.8535,-0.1306,21.0,21.0,0.0,-0.1158,144.74,11.9173,-1.9378,-1.4106,-4.4778,-29715.0,62.2347,0.7021,False,,,
342,0,0,1,0,0,0,1.0,5,30.0,420.0,0.6278,39.3437,-0.1924,21.0,21.0,0.0,-0.0353,119.14,11.1162,-0.8578,-1.4987,-4.7346,-17535.0,85.5609,0.7674,True,0.5233415233415234,1.0,0.7032710280373832
343,0,0,1,0,0,2,1.0,5,75.0,1286.25,0.7203,51.9143,0.0849,21.0,21.0,0.0,-0.1245,155.15,11.0363,-1.2222,-1.4592,-4.9066,-13650.0,83.3325,0.8944,True,0.5233415233415234,1.0,0.9672897196261683
345,0,0,1,0,0,0,1.0,5,50.0,840.0,0.7087,50.1346,0.05,21.0,21.0,0.0,-0.1432,155.33,12.4496,-1.4711,-1.4016,-4.935,-20790.0,78.399,0.9275,True,0.5233415233415234,1.0,0.9369158878504673
346,0,0,4,0,0,0,4.0,5,75.0,1286.25,0.7203,51.9143,0.0849,21.0,21.0,0.0,-0.2034,163.35,13.2591,-1.8311,-1.626,-4.9149,-21840.0,70.7398,0.9282,True,2.108910891089109,0.2711657354604366,0.9672897196261683
347,0,0,1,0,0,1,1.0,5,1.0714,1.1538,0.0215,6.3991,-2.0086,21.0,21.0,0.2,0.8667,6.0,2.7239,10.5511,-0.0644,-2.0942,102900.0,187.9453,0.9192,True,0.5233415233415234,1.0,0.009345794392523364
348,0,0,0,0,0,1,,5,45.0,700.0,0.6778,45.7088,-0.0424,21.0,21.0,0.0,-0.1602,135.19,12.8659,-1.4,-1.2517,-5.0122,-18900.0,76.06,0.9091,True,0.0,0.3308539666046835,0.866822429906542
350,0,0,2,0,0,1,2.0,5,82.5,1522.5,0.7512,56.9409,0.1773,21.0,21.0,0.0,-0.2192,188.45,13.0199,-1.8578,-1.476,-5.1164,-21420.0,67.4666,0.8926,True,1.0492610837438423,1.0,0.9929906542056075
351,0,0,1,0,0,0,1.0,5,35.0,303.3333,0.6045,36.6924,-0.2622,21.0,21.0,0.0,-0.0113,86.74,12.5465,-0.1156,-0.9564,-4.3709,-10710.0,99.0992,0.723,True,0.5233415233415234,1.0,0.6355140186915887
352,0,0,3,0,0,0,3.0,4,22.5,166.25,0.525,28.9189,-0.5002,21.0,9.0,0.0,0.0061,58.45,10.1863,-0.9022,-1.0692,-3.9482,-16590.0,82.7199,0.5998,False,,,
353,0,0,1,0,0,0,1.0,4,37.5,315.0,0.3602,17.649,-0.9941,21.0,21.0,0.0,-0.0559,54.29,5.8023,-4.84,-1.0789,-2.6824,-71925.0,19.755,0.4548,False,,,
371,0,0,1,0,0,1,1.0,4,67.5,997.5,0.6012,36.3365,-0.2719,21.0,21.0,0.0,-0.0884,130.26,10.1422,-3.0489,-1.4314,-4.022,-46935.0,44.2512,0.4819,False,,,
372,0,0,2,0,0,0,2.0,5,82.5,1522.5,0.7512,56.9409,0.1773,21.0,21.0,0.0,-0.147,174.61,12.0188,-1.4222,-1.4365,-5.0963,-18165.0,76.4333,0.6216,True,1.0492610837438423,1.0,0.9929906542056075
373,0,0,2,0,0,2,2.0,5,45.0,455.0,0.6662,44.1419,-0.0773,21.0,21.0,0.0,-0.183,145.96,13.7021,-1.5556,-1.4016,-5.1113,-22365.0,64.7743,0.7134,True,1.0492610837438423,1.0,0.8271028037383178
374,0,0,1,0,0,1,1.0,4,35.0,291.6667,0.575,33.5975,-0.3503,21.0,21.0,0.0,-0.0734,93.89,12.5072,-1.4044,-1.0938,-4.3597,-29715.0,61.4075,0.7615,False,,,
375,0,0,1,0,0,0,1.0,4,75.0,1260.0,0.6909,47.5355,-0.0033,21.0,21.0,0.0,-0.078,153.76,10.9401,-1.6622,-1.503,-4.2833,-24990.0,73.4379,0.7883,False,,,
377,0,0,1,0,0,2,1.0,5,50.0,840.0,0.7087,50.1346,0.05,21.0,21.0,0.0,-0.1489,163.4,12.4238,-1.4667,-1.2497,-4.9376,-19320.0,74.799,0.7763,True,0.5233415233415234,1.0,0.9369158878504673
378,0,1,0,0,0,1,,5,50.0,548.3333,0.697,48.4159,0.0151,21.0,21.0,0.0,-0.1922,168.88,12.3826,-1.6667,-1.4987,-4.8252,-21525.0,73.6681,0.795,True,0.0,0.3308539666046835,0.9158878504672897
380,0,0,1,0,1,1,1.0,5,45.0,455.0,0.6662,44.1419,-0.0773,21.0,21.0,0.0,-0.0589,127.43,12.9117,-0.4267,-0.9027,-4.6209,-17640.0,78.0368,0.8418,True,0.5233415233415234,1.0,0.8271028037383178
382,0,0,2,0,0,2,2.0,5,40.0,577.5,0.647,41.6738,-0.1349,21.0,21.0,0.0,-0.0916,100.41,11.4496,-1.0089,-1.2789,-4.9716,-15855.0,78.1725,0.8674,True,1.0492610837438423,1.0,0.7570093457943925
383,0,0,2,0,0,1,2.0,5,18.0,133.0,0.5296,29.3189,-0.4865,21.0,21.0,0.0,0.1204,64.79,9.1214,0.1956,-0.7727,-4.7037,1470.0,105.8253,0.8473,True,1.0492610837438423,1.0,0.40654205607476634
387,0,0,1,0,1,1,1.0,5,55.0,997.5,0.7395,54.9889,0.1424,21.0,21.0,0.0,-0.1544,181.22,12.4398,-1.5244,-1.3073,-5.0729,-19320.0,74.3063,0.833,True,0.5233415233415234,1.0,0.9836448598130841
388,0,0,1,0,0,0,1.0,5,17.5,168.0,0.5428,30.5001,-0.447,21.0,21.0,0.0,0.0195,86.89,11.5933,0.0844,-0.979,-4.7136,-210.0,102.5465,0.8177,True,0.5233415233415234,1.0,0.45560747663551404
392,1,0,1,0,0,1,1.0,5,12.8571,90.0,0.4789,25.1874,-0.6384,21.0,21.0,0.1,0.0877,62.7,9.3797,0.0,-0.5396,-4.7054,-7875.0,101.0398,0.8458,True,0.5233415233415234,1.0,0.2967289719626168
393,0,0,1,0,0,0,1.0,5,12.0,47.25,0.4076,20.3454,-0.8519,21.0,21.0,0.1,0.2382,28.57,8.2903,0.5289,-0.7015,-4.2326,-420.0,109.7579,0.8274,True,0.5233415233415234,1.0,0.18691588785046728
398,0,0,1,0,0,1,1.0,5,30.0,406.875,0.5983,36.0252,-0.2805,21.0,21.0,0.0,-0.1365,115.74,11.3199,-2.0133,-1.256,-4.1289,-27300.0,68.0067,0.7792,True,0.5233415233415234,1.0,0.602803738317757
399,0,0,4,0,0,2,4.0,5,3.75,6.3636,0.1801,10.2918,-1.5334,21.0,21.0,0.1,0.6264,24.89,5.3118,5.1378,-0.3046,-3.5682,54075.0,164.1237,0.7919,True,2.108910891089109,0.2711657354604366,0.056074766355140186
402,0,0,1,0,0,2,1.0,5,18.75,91.875,0.4927,26.2528,-0.597,21.0,21.0,0.1,0.1518,42.98,8.9667,0.6133,-0.9564,-4.7327,945.0,113.8852,0.8229,True,0.5233415233415234,1.0,0.3411214953271028
406,0,0,0,0,0,2,,4,10.0,39.375,0.3899,19.2967,-0.9048,21.0,21.0,0.1,0.2158,36.79,8.0304,0.0533,-0.7195,-4.3645,-5565.0,101.8904,0.8075,False,,,
410,0,0,2,0,0,2,2.0,5,7.5,25.6667,0.3313,16.1871,-1.0805,21.0,21.0,0.0,0.2853,45.3,8.9831,3.0533,-0.6228,-3.4041,9240.0,136.5141,0.85,True,1.0492610837438423,1.0,0.12850467289719625
412,0,0,1,0,0,1,1.0,5,18.75,91.875,0.4927,26.2528,-0.597,21.0,21.0,0.0,0.0745,48.77,9.7467,0.1689,-1.03,-4.7506,-2940.0,103.7875,0.881,True,0.5233415233415234,1.0,0.3411214953271028
413,0,0,1,0,0,3,1.0,5,24.0,325.5,0.6029,36.5234,-0.2668,21.0,21.0,0.0,-0.0025,103.03,10.0037,-0.4578,-1.0243,-4.8993,-7560.0,99.0377,0.8621,True,0.5233415233415234,1.0,0.6121495327102804
415,0,0,2,0,0,0,2.0,5,26.25,210.0,0.5736,33.4533,-0.3546,21.0,21.0,0.1,0.1074,79.75,8.8713,0.1067,-0.5396,-4.6866,-4410.0,109.7323,0.8767,True,1.0492610837438423,1.0,0.5560747663551402
416,0,0,0,0,0,2,,5,12.5,42.0,0.4254,21.4578,-0.7986,21.0,21.0,0.1,0.3887,40.89,6.7657,2.0844,-0.3046,-4.3827,15120.0,147.1489,0.8836,True,0.0,0.3308539666046835,0.19626168224299065
417,0,0,3,0,0,2,3.0,5,12.8571,90.0,0.4789,25.1874,-0.6384,21.0,21.0,0.0,0.188,61.46,8.8103,0.6756,-0.897,-4.7407,3570.0,124.9698,0.871,True,1.5777777777777777,0.6920625203883889,0.2967289719626168
419,0,0,0,0,0,1,,5,22.5,175.0,0.5544,31.5828,-0.4121,21.0,21.0,0.0,0.1041,59.29,9.8942,0.4711,-0.9027,-4.6118,3990.0,109.8847,0.8688,True,0.0,0.3308539666046835,0.48598130841121495
420,0,0,4,0,0,0,4.0,5,10.7143,70.0,0.448,22.9639,-0.7308,21.0,21.0,0.0,0.0788,50.04,11.5265,1.2267,-0.897,-4.0064,-2205.0,104.3023,0.855,True,2.108910891089109,0.2711657354604366,0.2383177570093458
422,0,0,1,0,0,1,1.0,5,4.5,11.6667,0.2579,12.9941,-1.3002,21.0,11.0,0.1,0.3916,24.98,9.626,3.5333,-0.5493,-3.8835,30450.0,142.6322,0.8557,True,0.5233415233415234,1.0,0.08878504672897196
423,0,0,1,0,0,0,1.0,5,40.0,577.5,0.647,41.6738,-0.1349,21.0,21.0,0.0,-0.0901,106.33,10.4955,-0.9378,-1.1819,-4.7299,-14700.0,85.6625,0.867,True,0.5233415233415234,1.0,0.7570093457943925
424,0,0,2,0,0,1,2.0,5,50.0,548.3333,0.697,48.4159,0.0151,21.0,21.0,0.0,-0.1137,160.41,11.4993,-1.0889,-1.3487,-4.6629,-16380.0,80.4988,0.8591,True,1.0492610837438423,1.0,0.9158878504672897
425,0,0,0,0,0,1,,5,8.5714,33.75,0.3863,19.0885,-0.9156,21.0,21.0,0.1,0.4461,31.18,6.2604,2.1333,-0.4472,-4.4696,15960.0,145.854,0.8495,True,0.0,0.3308539666046835,0.17523364485981308
430,0,0,1,0,0,0,1.0,5,21.0,262.5,0.5721,33.2992,-0.3592,21.0,21.0,0.0,-0.043,86.15,10.8385,-0.7422,-0.9,-4.9002,-12915.0,93.359,0.874,True,0.5233415233415234,1.0,0.5397196261682243
431,0,0,5,0,0,0,5.0,5,40.0,373.3333,0.6353,40.2451,-0.1697,21.0,21.0,0.0,-0.1119,112.21,12.6369,-1.1778,-1.3092,-4.635,-18585.0,79.4014,0.8688,True,2.642679900744417,0.15061966335988608,0.7289719626168224
445,0,0,3,0,0,1,3.0,5,26.25,218.75,0.5853,34.6408,-0.3197,21.0,21.0,0.0,-0.0236,86.37,10.3505,-0.5467,-1.4016,-4.9782,-14490.0,82.6528,0.8578,True,1.5777777777777777,0.6920625203883889,0.5700934579439252
446,0,0,3,0,0,2,3.0,5,7.5,33.75,0.3693,18.1396,-0.9666,21.0,21.0,0.1,0.2857,33.2,7.3441,1.2,-0.0644,-4.4714,7245.0,127.1837,0.8037,True,1.5777777777777777,0.6920625203883889,0.15186915887850466
447,0,0,1,0,1,0,1.0,5,33.75,511.875,0.6586,43.1531,-0.1,21.0,21.0,0.0,-0.1297,132.33,13.1876,-1.2711,-1.3092,-4.7082,-20055.0,71.4922,0.752,True,0.5233415233415234,1.0,0.7897196261682243
448,0,0,4,0,1,0,4.0,5,40.0,373.3333,0.6353,40.2451,-0.1697,21.0,21.0,0.0,0.0197,106.52,10.114,-0.2978,-1.2743,-4.4683,-15750.0,90.9702,0.6558,True,2.108910891089109,0.2711657354604366,0.7289719626168224
450,0,0,1,0,0,0,1.0,3,37.5,315.0,0.3602,17.649,-0.9941,21.0,21.0,0.0,0.006,47.39,5.9757,-4.3867,-0.9516,-2.264,-68670.0,22.2563,0.497,False,,,
451,0,0,1,0,0,1,1.0,3,25.0,210.0,0.3779,18.6139,-0.9408,21.0,21.0,0.1,0.0146,44.73,6.7542,-3.9956,-0.3353,-2.8549,-66045.0,26.7492,0.2959,False,,,
459,0,0,0,0,0,1,,2,22.5,131.25,0.2396,12.3001,-1.3551,21.0,10.0,0.0,0.0225,24.18,3.7158,-5.0578,-0.7178,-1.8636,-79065.0,9.4207,0.0531,False,,,
1270,0,0,1,0,0,0,1.0,2,15.0,122.5,0.2985,14.6705,-1.1789,21.0,21.0,0.0,0.0164,40.79,5.9321,-4.4133,-0.8941,-2.5931,-71085.0,19.2689,0.1003,False,,,
1271,0,0,1,0,0,2,1.0,2,37.5,315.0,0.3602,17.649,-0.9941,21.0,10.0,0.0,0.0072,48.41,5.9209,-4.4533,-0.9865,-2.5191,-69720.0,19.1195,0.1347,False,,,
1272,0,0,1,0,0,2,1.0,2,20.0,140.0,0.3177,15.5393,-1.1214,21.0,21.0,0.1,-0.0292,37.4,5.5439,-4.6444,-0.9516,-2.6179,-69195.0,20.3803,0.1651,False,,,
1275,0,0,3,0,0,1,3.0,3,52.5,603.75,0.4807,25.3239,-0.633,21.0,21.0,0.0,-0.0356,88.52,8.385,-3.84,-1.0884,-3.3095,-61320.0,27.732,0.2498,False,,,
1279,0,0,2,0,0,1,2.0,3,12.0,94.5,0.3619,17.7397,-0.9889,21.0,21.0,0.0,0.0124,38.05,8.9445,-2.9956,-0.9038,-3.5952,-49350.0,44.1706,0.2882,False,,,
1283,0,0,3,0,0,1,3.0,3,18.0,168.0,0.4236,21.3414,-0.8041,21.0,21.0,0.0,0.0422,66.56,8.9572,-2.8311,-0.9962,-3.5319,-50925.0,42.2738,0.3129,False,,,
1285,0,0,2,0,0,0,2.0,4,40.0,525.0,0.5587,31.9931,-0.3992,21.0,21.0,0.0,-0.0332,92.11,9.6932,-2.6222,-1.3616,-3.6364,-39900.0,53.2968,0.4154,False,,,
1287,0,0,1,0,0,0,1.0,4,35.0,420.0,0.5279,29.1688,-0.4916,21.0,21.0,0.0,-0.0746,90.82,10.0579,-2.92,-1.3041,-4.0714,-44205.0,45.057,0.5313,False,,,
1291,0,0,1,0,0,0,1.0,4,35.0,420.0,0.5279,29.1688,-0.4916,21.0,21.0,0.0,-0.0726,85.94,9.8746,-2.9378,-1.1373,-3.7745,-43680.0,49.5683,0.6122,False,,,
1292,0,0,2,0,1,0,2.0,5,33.75,511.875,0.6586,43.1531,-0.1,21.0,21.0,0.0,-0.0851,129.47,11.1982,-0.8444,-1.3621,-4.769,-16800.0,81.3449,0.6716,True,1.0492610837438423,1.0,0.7897196261682243
1294,0,0,3,0,1,0,3.0,5,22.5,166.25,0.5428,30.5001,-0.447,21.0,21.0,0.0,-0.0358,70.67,11.4314,-0.6222,-1.2149,-4.4732,-8925.0,87.3617,0.766,True,1.5777777777777777,0.6920625203883889,0.45560747663551404
1300,0,0,1,0,0,0,1.0,5,15.0,133.0,0.5119,27.8076,-0.5394,21.0,21.0,0.0,0.0214,73.04,10.2692,-0.1822,-1.0488,-4.091,-9450.0,97.2899,0.8607,True,0.5233415233415234,1.0,0.3808411214953271
1304,0,0,1,0,1,0,1.0,5,37.5,616.875,0.6895,47.3314,-0.0076,21.0,21.0,0.0,-0.1191,157.64,11.5739,-1.1644,-1.2214,-4.6878,-17640.0,79.6268,0.8792,True,0.5233415233415234,1.0,0.897196261682243
1306,0,0,2,0,0,0,2.0,5,40.0,577.5,0.647,41.6738,-0.1349,21.0,21.0,0.0,-0.037,103.05,10.2007,-0.5067,-1.3092,-4.4442,-12285.0,86.3273,0.8793,True,1.0492610837438423,1.0,0.7570093457943925
1310,0,0,3,0,0,1,3.0,5,21.0,168.0,0.5604,32.1577,-0.3941,21.0,21.0,0.0,-0.027,80.35,10.4827,-0.4622,-1.3621,-4.6321,-8925.0,91.2195,0.8708,True,1.5777777777777777,0.6920625203883889,0.5070093457943925
1311,0,0,5,0,0,0,5.0,5,6.4286,12.5,0.3013,14.7978,-1.1703,21.0,4.0,0.2,0.5114,20.99,5.2965,3.2933,-0.3046,-3.3401,21840.0,159.6582,0.8539,True,2.642679900744417,0.15061966335988608,0.10747663551401869
1312,0,0,3,0,0,0,3.0,5,12.8571,85.0,0.4672,24.3239,-0.6733,21.0,21.0,0.0,0.1671,61.08,8.0699,0.5422,-0.8395,-4.4328,-5880.0,124.0885,0.8552,True,1.5777777777777777,0.6920625203883889,0.26401869158878505
1316,0,0,2,0,1,2,2.0,5,26.25,218.75,0.5853,34.6408,-0.3197,21.0,21.0,0.0,0.0079,79.09,10.2125,-0.3867,-0.8076,-4.91,-13230.0,94.7729,0.8501,True,1.0492610837438423,1.0,0.5700934579439252
1317,0,0,1,0,0,0,1.0,5,24.0,210.0,0.5913,35.2714,-0.3017,21.0,21.0,0.0,-0.0331,107.56,11.688,-0.5822,-0.9564,-4.4526,-13440.0,93.9232,0.8265,True,0.5233415233415234,1.0,0.5794392523364486
1321,0,0,0,0,0,1,,5,22.5,166.25,0.5428,30.5001,-0.447,21.0,21.0,0.0,0.0615,62.22,9.7386,0.0356,-0.882,-4.7741,-6720.0,103.139,0.8396,True,0.0,0.3308539666046835,0.45560747663551404
1325,0,0,3,0,0,0,3.0,5,40.0,373.3333,0.6353,40.2451,-0.1697,21.0,21.0,0.1,-0.097,99.9,11.4055,-1.0311,-1.1063,-4.8767,-18480.0,78.8875,0.9095,True,1.5777777777777777,0.6920625203883889,0.7289719626168224
1326,0,0,2,0,0,0,2.0,5,18.0,133.0,0.5296,29.3189,-0.4865,21.0,21.0,0.1,0.0502,62.7,9.5478,-0.1822,-0.6766,-4.7665,-9765.0,99.1223,0.913,True,1.0492610837438423,1.0,0.40654205607476634
1327,0,0,2,0,0,2,2.0,5,15.0,98.0,0.4871,25.8143,-0.6138,21.0,21.0,0.1,0.264,45.91,7.3085,1.0844,-0.4472,-4.6284,5565.0,125.4758,0.9178,True,1.0492610837438423,1.0,0.32710280373831774
1328,0,0,0,0,0,1,,5,10.7143,65.0,0.4364,22.1766,-0.7657,21.0,21.0,0.0,0.3304,45.92,6.7694,1.4222,-0.3046,-4.3272,11130.0,133.9116,0.931,True,0.0,0.3308539666046835,0.2219626168224299
1329,0,0,1,0,0,1,1.0,5,21.0,168.0,0.5604,32.1577,-0.3941,21.0,21.0,0.1,0.104,71.95,9.059,0.1778,-0.3046,-4.7054,-7455.0,105.1589,0.9048,True,0.5233415233415234,1.0,0.5070093457943925
1330,0,0,3,0,0,2,3.0,5,10.7143,65.0,0.4364,22.1766,-0.7657,21.0,21.0,0.0,0.227,47.85,8.5921,0.8711,-0.4472,-4.7075,-105.0,122.911,0.906,True,1.5777777777777777,0.6920625203883889,0.2219626168224299
1331,0,0,5,0,0,1,5.0,5,6.0,18.6667,0.3004,14.7582,-1.1729,21.0,21.0,0.1,0.487,29.91,6.4467,3.8133,-0.5493,-4.0067,41895.0,158.2008,0.8705,True,2.642679900744417,0.15061966335988608,0.102803738317757
1333,0,0,1,0,0,1,1.0,5,26.25,341.25,0.5969,35.8705,-0.2848,21.0,21.0,0.0,0.081,76.43,9.1505,0.1067,-0.6766,-4.8382,-2940.0,108.7013,0.8895,True,0.5233415233415234,1.0,0.5957943925233645
1334,1,0,1,0,0,0,1.0,5,8.5714,33.75,0.3863,19.0885,-0.9156,21.0,21.0,0.1,0.4215,28.57,5.9244,1.9689,-0.3046,-4.377,15120.0,141.1002,0.894,True,0.5233415233415234,1.0,0.17523364485981308
1335,0,0,3,0,0,0,3.0,5,5.0,14.5833,0.2802,13.8913,-1.2335,21.0,21.0,0.0,0.3164,24.53,9.8035,3.7378,-0.6228,-3.3977,27930.0,132.4279,0.8983,True,1.5777777777777777,0.6920625203883889,0.09813084112149532
1337,0,0,2,0,0,2,2.0,5,17.5,168.0,0.5428,30.5001,-0.447,21.0,21.0,0.0,0.1286,78.82,8.897,0.4222,-0.8076,-4.8531,1155.0,111.4518,0.8923,True,1.0492610837438423,1.0,0.45560747663551404
1338,0,0,1,0,0,2,1.0,5,1.0714,1.1538,0.0215,6.3991,-2.0086,21.0,5.0,0.2,0.8667,6.0,2.5473,8.8089,-0.0644,-2.2258,45570.0,187.9453,0.8933,True,0.5233415233415234,1.0,0.009345794392523364
1344,0,0,0,0,1,0,,5,21.0,168.0,0.5604,32.1577,-0.3941,21.0,21.0,0.1,0.0852,73.74,10.9614,0.4978,-0.7018,-4.5618,3780.0,111.7096,0.8933,True,0.0,0.3308539666046835,0.5070093457943925
1345,0,0,1,0,0,2,1.0,5,21.0,262.5,0.5721,33.2992,-0.3592,21.0,21.0,0.0,-0.0535,91.79,12.2847,-0.3556,-1.1573,-4.8563,-13020.0,91.1079,0.889,True,0.5233415233415234,1.0,0.5397196261682243
1351,0,0,2,0,0,2,2.0,5,12.5,56.875,0.4502,23.1148,-0.7243,21.0,21.0,0.1,0.2521,50.14,7.3104,0.9422,-0.3046,-4.4398,6930.0,123.3436,0.9063,True,1.0492610837438423,1.0,0.24532710280373832
1354,0,0,1,0,0,1,1.0,5,45.0,700.0,0.6778,45.7088,-0.0424,21.0,21.0,0.0,-0.1452,129.24,12.32,-1.3644,-1.2563,-5.0171,-19950.0,76.2843,0.899,True,0.5233415233415234,1.0,0.866822429906542
1355,0,0,3,0,1,1,3.0,5,35.0,291.6667,0.5928,35.4345,-0.297,21.0,21.0,0.0,-0.0331,78.03,11.2896,-0.5689,-1.0941,-4.7632,-11655.0,88.5604,0.8888,True,1.5777777777777777,0.6920625203883889,0.5841121495327103
1361,0,0,2,0,0,1,2.0,5,12.8571,85.0,0.4672,24.3239,-0.6733,21.0,21.0,0.1,0.1965,66.18,7.8802,0.6444,-0.5396,-4.6078,5145.0,119.1775,0.8692,True,1.0492610837438423,1.0,0.26401869158878505
1366,0,0,3,0,0,0,3.0,5,45.0,455.0,0.6662,44.1419,-0.0773,21.0,21.0,0.0,-0.0895,133.72,11.8045,-1.2133,-1.1168,-4.9272,-16065.0,82.926,0.8511,True,1.5777777777777777,0.6920625203883889,0.8271028037383178
1368,0,0,5,0,0,1,5.0,5,45.0,455.0,0.6662,44.1419,-0.0773,21.0,21.0,0.0,-0.1333,139.63,13.0041,-1.3289,-1.476,-4.682,-19425.0,71.8649,0.8376,True,2.642679900744417,0.15061966335988608,0.8271028037383178
1369,0,0,1,0,0,1,1.0,5,45.0,700.0,0.6778,45.7088,-0.0424,21.0,21.0,0.0,-0.1357,124.67,11.405,-1.3333,-1.3073,-4.8995,-15120.0,87.7873,0.8586,True,0.5233415233415234,1.0,0.866822429906542
1373,0,0,2,0,0,0,2.0,5,18.0,71.4,0.4855,25.6955,-0.6184,21.0,21.0,0.1,0.1216,65.11,9.7397,0.5111,-0.9027,-4.9001,2520.0,108.4186,0.8625,True,1.0492610837438423,1.0,0.32242990654205606
1375,0,0,3,0,0,1,3.0,5,45.0,700.0,0.6778,45.7088,-0.0424,21.0,21.0,0.0,-0.1199,134.0,11.8177,-1.1422,-1.3621,-5.0076,-18795.0,76.4265,0.84,True,1.5777777777777777,0.6920625203883889,0.866822429906542
1376,0,0,2,0,0,1,2.0,5,45.0,455.0,0.6662,44.1419,-0.0773,21.0,21.0,0.0,-0.011,115.23,10.1356,-0.3644,-1.2214,-4.292,-5880.0,94.3272,0.8255,True,1.0492610837438423,1.0,0.8271028037383178
1377,0,0,1,0,0,2,1.0,5,22.5,166.25,0.5428,30.5001,-0.447,21.0,21.0,0.0,-0.0829,70.23,11.8885,-0.9111,-1.1063,-4.6857,-19005.0,82.8616,0.8087,True,0.5233415233415234,1.0,0.45560747663551404
1378,0,0,3,0,0,0,3.0,5,40.0,577.5,0.647,41.6738,-0.1349,21.0,21.0,0.0,-0.178,107.86,12.4178,-1.5378,-1.2789,-5.0039,-18900.0,78.0502,0.6902,True,1.5777777777777777,0.6920625203883889,0.7570093457943925
1379,0,0,1,0,0,1,1.0,5,75.0,1233.75,0.6615,43.5261,-0.0914,21.0,21.0,0.0,-0.1627,167.7,11.4312,-2.9333,-1.4102,-4.4575,-39480.0,47.7615,0.5963,True,0.5233415233415234,1.0,0.8037383177570093
1394,0,0,2,0,0,1,2.0,2,15.0,140.0,0.228,11.8784,-1.39,21.0,21.0,0.1,0.0128,23.33,3.6105,-4.8933,-0.683,-1.5785,-77700.0,13.4491,-0.0032,False,,,
1395,0,0,0,0,0,1,,3,105.0,2205.0,0.4219,21.2321,-0.8092,21.0,21.0,0.0,-0.0228,81.22,6.001,-4.6178,-0.9516,-2.6415,-70980.0,17.2204,0.0021,False,,,
1397,0,0,1,0,0,1,1.0,3,45.0,446.25,0.4204,21.141,-0.8135,21.0,21.0,0.0,-0.0183,65.77,7.1641,-4.1378,-1.1322,-2.8029,-65205.0,24.1038,0.2808,False,,,
1398,0,0,0,0,0,1,,3,52.5,1155.0,0.4513,23.188,-0.7211,21.0,21.0,0.0,-0.0417,83.65,7.519,-4.3511,-0.9822,-2.7445,-68670.0,24.7568,0.4175,False,,,
1400,0,0,1,0,0,0,1.0,5,45.0,700.0,0.6778,45.7088,-0.0424,21.0,21.0,0.0,-0.1191,127.26,11.1105,-1.1244,-1.4592,-4.7814,-14070.0,85.5537,0.5987,True,0.5233415233415234,1.0,0.866822429906542
1402,0,0,1,0,0,0,1.0,5,45.0,700.0,0.6778,45.7088,-0.0424,21.0,21.0,0.0,-0.1145,129.23,11.6463,-1.2089,-1.2336,-4.9043,-14910.0,85.2511,0.7482,True,0.5233415233415234,1.0,0.866822429906542
1404,0,0,0,0,0,1,,5,50.0,840.0,0.7087,50.1346,0.05,21.0,21.0,0.0,-0.1717,168.3,11.8043,-1.5867,-1.5336,-4.9385,-23940.0,74.7058,0.8327,True,0.0,0.3308539666046835,0.9369158878504673
1405,0,1,0,0,0,2,,5,50.0,548.3333,0.697,48.4159,0.0151,21.0,21.0,0.0,-0.1548,149.09,12.6923,-1.3333,-1.476,-4.943,-20580.0,75.9157,0.86,True,0.0,0.3308539666046835,0.9158878504672897
1408,0,0,3,0,0,2,3.0,5,22.5,124.6875,0.5352,29.8169,-0.4697,21.0,21.0,0.0,0.0677,62.82,9.8213,-0.0356,-0.897,-4.8703,-11760.0,102.833,0.8781,True,1.5777777777777777,0.6920625203883889,0.42289719626168226
1409,0,0,3,0,0,1,3.0,5,22.5,118.125,0.5236,28.7948,-0.5045,21.0,21.0,0.0,0.0713,70.66,11.0538,0.56,-0.9895,-4.5775,5460.0,111.5402,0.8459,True,1.5777777777777777,0.6920625203883889,0.3901869158878505
1410,0,0,1,0,0,1,1.0,5,67.5,1076.25,0.6895,47.3314,-0.0076,21.0,21.0,0.0,-0.1766,134.91,12.9302,-1.5822,-1.3092,-4.7328,-23520.0,71.7798,0.8499,True,0.5233415233415234,1.0,0.897196261682243
1414,0,0,1,0,0,2,1.0,5,15.0,73.5,0.4795,25.2361,-0.6365,21.0,21.0,0.1,0.1796,45.1,8.9017,0.7733,-0.6228,-4.703,2730.0,111.296,0.8487,True,0.5233415233415234,1.0,0.3107476635514019
1416,0,0,3,0,0,3,3.0,5,15.0,54.6,0.4547,23.4271,-0.7108,21.0,21.0,0.2,0.1137,45.46,10.4822,0.9067,-0.882,-4.2321,-5145.0,100.7569,0.8519,True,1.5777777777777777,0.6920625203883889,0.2570093457943925
1418,1,0,2,0,0,0,2.0,5,50.0,840.0,0.7087,50.1346,0.05,21.0,21.0,0.0,-0.2303,156.82,12.8521,-1.96,-1.4941,-4.9492,-22260.0,69.9131,0.8672,True,1.0492610837438423,1.0,0.9369158878504673
1420,0,0,3,0,0,0,3.0,5,45.0,700.0,0.6778,45.7088,-0.0424,21.0,21.0,0.0,-0.1312,131.0,13.432,-1.1422,-1.18,-4.9626,-25410.0,72.9528,0.8762,True,1.5777777777777777,0.6920625203883889,0.866822429906542
1428,0,0,1,0,0,0,1.0,5,8.3333,35.0,0.3728,18.3296,-0.9562,21.0,21.0,0.0,0.337,46.74,6.7852,1.48,-0.4472,-4.4696,13020.0,130.5121,0.8944,True,0.5233415233415234,1.0,0.16355140186915887
1430,0,0,1,0,0,1,1.0,5,21.0,168.0,0.5604,32.1577,-0.3941,21.0,21.0,0.0,0.0204,81.18,9.7101,-0.2978,-0.979,-4.3575,-11760.0,102.903,0.8862,True,0.5233415233415234,1.0,0.5070093457943925
1431,0,0,1,0,0,1,1.0,5,18.75,91.875,0.4927,26.2528,-0.597,21.0,21.0,0.0,0.0697,46.7,11.1954,0.5422,-0.979,-4.4536,3045.0,110.7473,0.8969,True,0.5233415233415234,1.0,0.3411214953271028
1432,0,0,3,0,0,1,3.0,5,35.0,303.3333,0.6045,36.6924,-0.2622,21.0,21.0,0.0,-0.0543,75.74,11.5112,-0.6489,-1.0849,-4.6939,-12600.0,89.8921,0.8869,True,1.5777777777777777,0.6920625203883889,0.6355140186915887
1433,0,0,1,0,0,0,1.0,5,7.5,33.75,0.3693,18.1396,-0.9666,21.0,8.0,0.1,0.3408,33.88,7.7812,2.3556,-0.7727,-3.7915,3150.0,133.7151,0.9033,True,0.5233415233415234,1.0,0.15186915887850466
1434,0,0,2,0,0,1,2.0,5,6.6667,23.3333,0.3303,16.1386,-1.0835,21.0,21.0,0.0,0.3533,33.43,8.78,1.7511,-0.5493,-3.7868,-2730.0,135.4871,0.8767,True,1.0492610837438423,1.0,0.12149532710280374
1435,0,0,1,0,0,0,1.0,5,35.0,303.3333,0.6045,36.6924,-0.2622,21.0,21.0,0.0,-0.0092,79.86,11.0114,-0.3422,-0.5396,-4.5661,-13755.0,92.8763,0.8847,True,0.5233415233415234,1.0,0.6355140186915887
1436,0,0,3,0,0,1,3.0,5,12.8571,90.0,0.4789,25.1874,-0.6384,21.0,21.0,0.0,0.2704,56.97,7.3814,1.2622,-0.6766,-4.6318,12600.0,125.3371,0.8787,True,1.5777777777777777,0.6920625203883889,0.2967289719626168
1437,0,0,1,0,0,2,1.0,5,8.3333,35.0,0.3728,18.3296,-0.9562,21.0,9.0,0.1,0.3995,46.87,6.6402,2.7111,-0.6766,-3.7049,1995.0,137.1304,0.8425,True,0.5233415233415234,1.0,0.16355140186915887
1438,0,0,1,0,0,2,1.0,5,2.3077,2.6923,0.1017,8.1361,-1.7684,21.0,5.0,0.1,0.7146,12.87,4.0087,7.2889,-0.3046,-2.5511,37380.0,175.2497,0.7999,True,0.5233415233415234,1.0,0.037383177570093455
1439,0,0,4,0,0,1,4.0,5,22.5,166.25,0.5428,30.5001,-0.447,21.0,21.0,0.1,0.1732,59.55,8.6986,0.4756,-0.8076,-4.707,-3150.0,111.9672,0.7543,True,2.108910891089109,0.2711657354604366,0.45560747663551404
1440,0,0,2,0,0,0,2.0,4,7.5,21.0,0.3343,16.3321,-1.0716,21.0,21.0,0.2,0.4349,19.9,5.9452,1.2889,-0.124,-3.9627,5355.0,125.9061,0.6842,False,,,
